{
  "timestamp": 1761647700,
  "temperature": 25.98620689655174,
  "pressure": 1092.508620689655,
  "humidity": 62.10344827586207
}
