{
  "timestamp": 1762199400,
  "temperature": 24.41034482758622,
  "pressure": 1091.6465517241375,
  "humidity": 60.48275862068966
}
