{
  "timestamp": 1761654900,
  "temperature": 27.10000000000001,
  "pressure": 1091.6750000000006,
  "humidity": 64.5
}
