{
  "timestamp": 1771881900,
  "temperature": 24.428571428571413,
  "pressure": 1013.7410714285712,
  "humidity": 23.0
}
