{
  "timestamp": 1763211000,
  "temperature": 24.98666666666665,
  "pressure": 1094.3124999999993,
  "humidity": 61.766666666666666
}
