{
  "timestamp": 1761926100,
  "temperature": 26.01333333333334,
  "pressure": 1090.0208333333342,
  "humidity": 66.0
}
